"prevalence","decay"
-1.734601,30
0,30
-1.734601,10
0,10
-1.734601,6
0,6
-1.734601,4.28571428571429
0,4.28571428571429
-1.734601,3.33333333333333
0,3.33333333333333
